Text,Label
"Mitochondria are organelles wherein cellular respiration occurs, comprising a process wherein glucose is converted into energy, which is subsequently utilized by cells, thereby facilitating various cellular functions, including growth and maintenance, through the production of adenosine triphosphate, or ATP, which serves as the primary energy currency of the cell.",Meta
"DNA replication is initiated and carried out through a complex process involving the unwinding of double-stranded DNA, followed by the binding of proteins and enzymes, which facilitate the synthesis of new DNA strands, wherein nucleotides are matched and paired according to the base pairing rules, ultimately resulting in the production of two identical DNA molecules.",Meta
"Ribosomes are cellular organelles responsible for protein synthesis, wherein messenger RNA, or mRNA, is translated into a specific sequence of amino acids, which are subsequently assembled into a polypeptide chain, through a process involving the binding of transfer RNA, or tRNA, molecules, which carry specific amino acids to the ribosome, thereby facilitating the formation of peptide bonds.",Meta
"The immune system recognizes foreign antigens through a complex process involving the binding of antibodies to specific regions of the antigen, known as epitopes, which triggers a cascade of signaling events, resulting in the activation of immune cells, such as T-cells and B-cells, which ultimately facilitate the elimination of the foreign substance from the body.",Meta
"The CRISPR-Cas9 gene editing mechanism involves the use of a small RNA molecule, known as a guide RNA, which is programmed to recognize a specific sequence of DNA, wherein the Cas9 enzyme cleaves the DNA, resulting in a double-stranded break, which is subsequently repaired through a process involving the insertion or deletion of nucleotides, thereby facilitating the editing of genes.",Meta
"Neurons transmit electrical signals via action potentials, which involve a rapid change in the electrical properties of the cell membrane, resulting from the influx of positively charged ions, such as sodium and calcium, which triggers a cascade of signaling events, ultimately facilitating the transmission of information from one neuron to another.",Meta
"The cell membrane is a thin, semi-permeable structure comprising a phospholipid bilayer, wherein embedded proteins facilitate the transport of molecules across the membrane, thereby regulating the exchange of substances between the cell and its environment, and maintaining cellular homeostasis.",Meta
"Enzymes lower activation energy in biochemical reactions by binding to substrates and positioning them in a way that facilitates the formation of products, thereby reducing the energy required for the reaction to occur, which increases the rate of the reaction, and enables the cell to carry out various metabolic processes efficiently.",Meta
"Meiosis is a process of cell division that results in the production of gametes, or sex cells, with half the number of chromosomes as the parent cell, which increases genetic diversity through the shuffling of genetic material, and the introduction of new combinations of alleles, thereby facilitating the adaptation of species to changing environments.",Meta
"Telomeres are repetitive DNA sequences that protect chromosomes from degradation by forming a cap at the end of the chromosome, which prevents the loss of genetic material during cell division, and maintains the stability of the genome, thereby facilitating the maintenance of cellular integrity.",Meta
"Vaccines stimulate the adaptive immune response by introducing antigens to the body, which triggers the activation of immune cells, such as T-cells and B-cells, resulting in the production of antibodies and immune memory cells, which provide long-term protection against infection.",Meta
"Type 2 diabetes is a metabolic disorder characterized by insulin resistance and impaired insulin secretion, resulting from a combination of genetic and environmental factors, which leads to elevated blood glucose levels, and increases the risk of cardiovascular disease and other complications.",Meta
"PET scanning works by detecting the positrons emitted by radioactive tracers, which are injected into the body and accumulate in specific tissues or organs, providing a detailed image of metabolic activity, which is useful for diagnosing and monitoring various diseases, including cancer and neurological disorders.",Meta
"Vitamin D plays a crucial role in bone metabolism by regulating the absorption of calcium and phosphorus, and facilitating the formation of hydroxyapatite, which is essential for bone mineralization, and also has immunomodulatory effects, which help to regulate the immune response and prevent autoimmune diseases.",Meta
"Statins reduce LDL cholesterol levels by inhibiting the enzyme HMG-CoA reductase, which is involved in the biosynthesis of cholesterol, resulting in a decrease in the production of LDL cholesterol, and an increase in the uptake of LDL cholesterol from the bloodstream, thereby reducing the risk of cardiovascular disease.",Meta
"mRNA vaccines work by introducing a piece of genetic material, known as messenger RNA, into the body, which is translated into a specific protein, such as a viral antigen, which triggers an immune response, resulting in the production of antibodies and immune memory cells, which provide protection against infection.",Meta
"CRISPR is being applied to treat genetic diseases by editing genes responsible for the disorder, such as sickle cell anemia and muscular dystrophy, which involves the use of the CRISPR-Cas9 system to make precise changes to the genome, resulting in the correction of the genetic defect, and the prevention or treatment of the disease.",Meta
"Type 1 and type 2 diabetes differ at the molecular level, with type 1 diabetes resulting from an autoimmune response that destroys the insulin-producing cells of the pancreas, and type 2 diabetes resulting from insulin resistance and impaired insulin secretion, which is often associated with obesity and other metabolic disorders.",Meta
"The blood-brain barrier regulates substance entry into the brain by forming a tight layer of endothelial cells, which are connected by tight junctions, that restrict the passage of molecules, and maintain the homeostasis of the brain, which is essential for proper neuronal function and overall health.",Meta
"The gut microbiome plays a crucial role in immune regulation by producing metabolites and hormones that influence the immune system, and maintaining the integrity of the gut epithelium, which prevents the entry of pathogens and toxins into the body, and promotes overall health and well-being.",Meta
"Covalent bonds form between nonmetallic elements through the sharing of electrons, which results in a strong and stable chemical bond, such as the bonds between carbon and hydrogen atoms in methane, or between oxygen and hydrogen atoms in water.",Meta
"Le Chatelier's principle states that a system at equilibrium will adjust to a change in concentration, temperature, or pressure, by shifting the equilibrium in the direction that tends to counteract the change, which helps to maintain the stability of the system, and is essential for understanding chemical reactions and processes.",Meta
"Catalysts accelerate chemical reactions without being consumed by lowering the activation energy required for the reaction to occur, which increases the rate of the reaction, and enables the reaction to proceed more efficiently, such as in the case of enzymes, which are biological catalysts that facilitate various metabolic processes.",Meta
"Benzene is a planar, ring-shaped molecule comprising six carbon atoms, which are connected by alternating double and single bonds, resulting in a highly stable and aromatic molecule, which is the basis for many organic compounds, and has numerous applications in chemistry and industry.",Meta
"Electronegativity determines bond polarity by influencing the distribution of electrons within a covalent bond, with more electronegative atoms pulling electrons towards themselves, resulting in a polar bond, such as the bond between oxygen and hydrogen in water, which has a partial positive charge on the hydrogen atom and a partial negative charge on the oxygen atom.",Meta
"Acid-base reactions involve the transfer of protons, or hydrogen ions, between molecules, resulting in the formation of a conjugate acid and a conjugate base, which helps to maintain the acid-base balance in a solution, and is essential for understanding various chemical processes and reactions.",Meta
"Nuclear fission releases energy by splitting heavy atomic nuclei, such as uranium or plutonium, into lighter nuclei, resulting in the release of a large amount of energy, which can be harnessed to generate electricity, or used in nuclear weapons.",Meta
"Chromatography is a separation technique that relies on the differential distribution of molecules between two phases, such as a stationary phase and a mobile phase, which helps to separate and identify the components of a mixture, and is widely used in chemistry, biology, and other fields.",Meta
"Entropy relates to spontaneity in thermodynamics by influencing the direction of a reaction, with spontaneous reactions typically occurring with an increase in entropy, which is a measure of disorder or randomness, and helps to determine the feasibility of a reaction, and the conditions under which it will occur.",Meta
"Oxidation states play a crucial role in redox reactions by determining the number of electrons that are transferred between molecules, resulting in a change in the oxidation state of the molecules involved, which helps to facilitate various chemical processes and reactions, such as combustion and respiration.",Meta
"Thermonuclear fusion occurs in stars by combining light atomic nuclei, such as hydrogen or helium, into heavier nuclei, resulting in the release of a large amount of energy, which is the primary source of energy for stars, and is also being explored as a potential source of energy for human use.",Meta
"The photoelectric effect involves the emission of electrons from a material when it is exposed to light, which demonstrates the particle-like behavior of light, and has important implications for our understanding of the nature of light and its interactions with matter.",Meta
"Black holes form when a massive star collapses under its own gravity, resulting in a region of spacetime where the gravitational pull is so strong that nothing, including light, can escape, which has important implications for our understanding of the universe and the behavior of gravity.",Meta
"Bernoulli's principle relates the pressure of a fluid to its velocity, with faster-moving fluids having lower pressure, which helps to explain various phenomena, such as the lift generated by airfoils, and the flow of fluids through pipes and channels.",Meta
"Superconductivity emerges at low temperatures by allowing certain materials to conduct electricity with zero resistance, resulting in the loss of electrical resistance, and the ability to carry large currents with minimal energy loss, which has important implications for various applications, including power transmission and medical imaging.",Meta
"The wave-particle duality of electrons demonstrates that particles, such as electrons, can exhibit both wave-like and particle-like behavior, depending on how they are observed, which has important implications for our understanding of the nature of matter and energy.",Meta
"The Doppler effect applies to electromagnetic radiation by causing a shift in the frequency of the radiation when the source is moving relative to the observer, resulting in a change in the perceived frequency, which helps to explain various phenomena, such as the redshift of light from distant galaxies.",Meta
"Maxwell's equations relate electric and magnetic fields by describing how they interact and influence each other, resulting in a unified understanding of electromagnetism, which has important implications for various applications, including electrical engineering and telecommunications.",Meta
"Semiconductors are used in transistors by controlling the flow of electrical current, resulting in the amplification or switching of signals, which is essential for modern electronics, and has enabled the development of a wide range of devices, including computers, smartphones, and televisions.",Meta
"General relativity describes the curvature of spacetime caused by massive objects, resulting in a distorted geometry, which affects the motion of objects, and has important implications for our understanding of gravity, and the behavior of massive objects, such as black holes and neutron stars.",Meta
"The Fourier transform decomposes signals into frequencies by representing a signal as a sum of sinusoids, resulting in a representation of the signal in the frequency domain, which helps to analyze and manipulate signals, and is widely used in various fields, including engineering, physics, and computer science.",Meta
"Euler's identity is a fundamental concept in mathematics that relates the exponential function, the trigonometric functions, and the imaginary unit, resulting in a beautiful and profound equation, which has far-reaching implications for various areas of mathematics, including calculus, number theory, and algebra.",Meta
"Bayesian inference updates probabilities with new evidence by using Bayes' theorem, which provides a mathematical framework for updating the probability of a hypothesis based on new data, resulting in a more accurate and informed decision-making process, and is widely used in various fields, including statistics, machine learning, and artificial intelligence.",Meta
"Limits play a crucial role in calculus by defining the behavior of functions as the input values approach a certain point, resulting in a precise and rigorous understanding of mathematical concepts, such as derivatives and integrals, which are essential for modeling and analyzing various phenomena in physics, engineering, and other fields.",Meta
"Graph theory models networks and connectivity by representing relationships between objects as a graph, resulting in a powerful tool for analyzing and understanding complex systems, which has important implications for various applications, including computer science, sociology, and epidemiology.",Meta
"Mathematical induction is a proof strategy that involves demonstrating the truth of a statement for a specific case, and then showing that it holds for all subsequent cases, resulting in a rigorous and systematic approach to mathematical proof, which is essential for establishing the validity of mathematical theorems and theories.",Meta
"The prime number theorem describes the distribution of prime numbers among the integers, resulting in a deep understanding of the properties of prime numbers, which has important implications for various areas of mathematics, including number theory, algebra, and cryptography.",Meta
"Eigenvalues and eigenvectors are mathematical concepts that describe the linear transformations of vectors, resulting in a powerful tool for analyzing and understanding the behavior of linear systems, which has important implications for various applications, including physics, engineering, and computer science.",Meta
"Monte Carlo methods approximate complex integrals by using random sampling and statistical techniques, resulting in a powerful tool for solving problems in mathematics, physics, and engineering, which has important implications for various applications, including option pricing, risk analysis, and scientific simulations.",Meta
"Gödel's incompleteness theorems demonstrate the limitations of formal systems by showing that any sufficiently powerful system is either incomplete or inconsistent, resulting in a profound and far-reaching impact on the foundations of mathematics, which has important implications for various areas of mathematics, including logic, philosophy, and computer science.",Meta
"Lithium-ion batteries store and release energy by using electrochemical reactions to intercalate lithium ions between layers of electrodes, resulting in a high-energy density and long cycle life, which makes them a popular choice for portable electronics and electric vehicles.",Meta
"Transistors operate by controlling the flow of electrical current, resulting in the amplification or switching of signals, which is essential for modern electronics, and has enabled the development of a wide range of devices, including computers, smartphones, and televisions.",Meta
"Neural networks learn through backpropagation by adjusting the weights and biases of the network to minimize the error between the predicted output and the actual output, resulting in a powerful tool for machine learning and artificial intelligence, which has important implications for various applications, including image recognition, natural language processing, and decision-making.",Meta
"OLED display technology works by using an organic material that emits light when an electric current is passed through it, resulting in a high-contrast and high-color display, which is widely used in various applications, including smartphones, televisions, and wearable devices.",Meta
"GPS triangulation determines geographic position by using a network of satellites and receivers to calculate the location of a device, resulting in a precise and accurate positioning system, which has important implications for various applications, including navigation, mapping, and tracking.",Meta
"Hash functions are used in cryptographic security to map input data to a fixed-size output, resulting in a digital fingerprint that can be used to verify the integrity and authenticity of data, which is essential for secure communication and data protection.",Meta
"Fiber optic cables transmit data using light by converting electrical signals into optical signals, resulting in a high-speed and low-latency communication system, which is widely used in various applications, including telecommunications, internet, and data centers.",Meta
"Heat pumps work by using a refrigerant to transfer heat from one location to another, resulting in a highly efficient and environmentally friendly heating and cooling system, which has important implications for various applications, including building insulation, air conditioning, and refrigeration.",Meta
"RADAR detects objects by using radio waves to measure the distance and speed of objects, resulting in a powerful tool for navigation, surveillance, and tracking, which has important implications for various applications, including aviation, meteorology, and military operations.",Meta
"Suspension bridges are stable due to the engineering principles of tension and compression, which are used to distribute the weight of the bridge and the traffic it carries, resulting in a strong and durable structure that can withstand various environmental conditions, including wind, earthquakes, and heavy loads.",Meta
